,Year,Month,Day,Hour,Format,AT01 Home Charging,AT02 Home Charging,AT03 Home Charging,BE01 Home Charging,BE02 Home Charging,BE03 Home Charging,BG01 Home Charging,BG02 Home Charging,CH00 Home Charging,CY00 Home Charging,CZ01 Home Charging,CZ02 Home Charging,DE01 Home Charging,DE02 Home Charging,DE03 Home Charging,DE04 Home Charging,DE06 Home Charging,DKE1 Home Charging,DKW1 Home Charging,EE00 Home Charging,ES01 Home Charging,ES02 Home Charging,ES03 Home Charging,ES04 Home Charging,ES05 Home Charging,ES06 Home Charging,ES07 Home Charging,ES08 Home Charging,ES09 Home Charging,ES10 Home Charging,ES11 Home Charging,FI01 Home Charging,FI02 Home Charging,FR01 Home Charging,FR02 Home Charging,FR03 Home Charging,FR04 Home Charging,FR05 Home Charging,FR06 Home Charging,FR07 Home Charging,FR08 Home Charging,FR09 Home Charging,FR10 Home Charging,FR11 Home Charging,FR12 Home Charging,FR13 Home Charging,FR14 Home Charging,FR15 Home Charging,GR01 Home Charging,GR02 Home Charging,GR03 Home Charging,HR01 Home Charging,HU01 Home Charging,HU02 Home Charging,HU03 Home Charging,IE00 Home Charging,IS00 Home Charging,ITCA Home Charging,ITCN Home Charging,ITCS Home Charging,ITN1 Home Charging,ITSA Home Charging,ITSI Home Charging,LT00 Home Charging,LUG1 Home Charging,LV00 Home Charging,MT00 Home Charging,NL01 Home Charging,NL02 Home Charging,NL03 Home Charging,NL04 Home Charging,NOM1 Home Charging,NON1 Home Charging,NOS2 Home Charging,NOS3 Home Charging,PL01 Home Charging,PL02 Home Charging,PL03 Home Charging,PL05 Home Charging,PT01 Home Charging,PT02 Home Charging,RO01 Home Charging,RO02 Home Charging,RO03 Home Charging,RS00 Home Charging,SE01 Home Charging,SE02 Home Charging,SE03 Home Charging,SE04 Home Charging,SI00 Home Charging,SK00 Home Charging,TR00 Home Charging
0,-,-,-,1,Weekday,0.001143088,0.001134407,0.001135435,0.001148083,0.001147694,0.001145085,0.00117278,0.001188404,0.001126147,0.001182865,0.001186885,0.001182501,0.00126306,0.00124506,0.001265926,0.001243543,0.001270683,0.001146812,0.00114253,0.001161235,0.001139943,0.001136913,0.001150028,0.001150946,0.00115132,0.001156513,0.001158289,0.001140753,0.001140423,0.001149797,0.001146199,0.001144162,0.001148943,0.001148349,0.001139592,0.001145504,0.001148701,0.001147056,0.001142485,0.001157544,0.001151399,0.001150947,0.001165926,0.00114139,0.001154564,0.001152123,0.001150155,0.001144014,0.001144716,0.001154343,0.001165538,0.001168054,0.001192744,0.001186249,0.001180925,0.00131521,0.001172148,0.001127895,0.001142104,0.001141781,0.001148224,0.001135308,0.001129009,0.00117663,0.001170499,0.001171629,0.001178785,0.001233355,0.001243007,0.001248221,0.001235778,,0.001154422,,,0.001191257,0.001188048,0.001191906,0.001195715,0.001165014,0.001167258,0.001186087,0.001189945,0.001179401,0.001164296,0.001145304,0.001139635,0.001147732,0.00114237,0.001177803,0.001194304,0.001192726
1,-,-,-,2,Weekday,0.001143088,0.001134407,0.001135435,0.001148083,0.001147694,0.001145085,0.00117278,0.001188404,0.001126147,0.001182865,0.001186885,0.001182501,0.00126306,0.00124506,0.001265926,0.001243543,0.001270683,0.001146812,0.00114253,0.001161235,0.001139943,0.001136913,0.001150028,0.001150946,0.00115132,0.001156513,0.001158289,0.001140753,0.001140423,0.001149797,0.001146199,0.001144162,0.001148943,0.001148349,0.001139592,0.001145504,0.001148701,0.001147056,0.001142485,0.001157544,0.001151399,0.001150947,0.001165926,0.00114139,0.001154564,0.001152123,0.001150155,0.001144014,0.001144716,0.001154343,0.001165538,0.001168054,0.001192744,0.001186249,0.001180925,0.00131521,0.001172148,0.001127895,0.001142104,0.001141781,0.001148224,0.001135308,0.001129009,0.00117663,0.001170499,0.001171629,0.001178785,0.001233355,0.001243007,0.001248221,0.001235778,,0.001154422,,,0.001191257,0.001188048,0.001191906,0.001195715,0.001165014,0.001167258,0.001186087,0.001189945,0.001179401,0.001164296,0.001145304,0.001139635,0.001147732,0.00114237,0.001177803,0.001194304,0.001192726
2,-,-,-,3,Weekday,0.001143088,0.001134407,0.001135435,0.001148083,0.001147694,0.001145085,0.00117278,0.001188404,0.001126147,0.001182865,0.001186885,0.001182501,0.00126306,0.00124506,0.001265926,0.001243543,0.001270683,0.001146812,0.00114253,0.001161235,0.001139943,0.001136913,0.001150028,0.001150946,0.00115132,0.001156513,0.001158289,0.001140753,0.001140423,0.001149797,0.001146199,0.001144162,0.001148943,0.001148349,0.001139592,0.001145504,0.001148701,0.001147056,0.001142485,0.001157544,0.001151399,0.001150947,0.001165926,0.00114139,0.001154564,0.001152123,0.001150155,0.001144014,0.001144716,0.001154343,0.001165538,0.001168054,0.001192744,0.001186249,0.001180925,0.00131521,0.001172148,0.001127895,0.001142104,0.001141781,0.001148224,0.001135308,0.001129009,0.00117663,0.001170499,0.001171629,0.001178785,0.001233355,0.001243007,0.001248221,0.001235778,,0.001154422,,,0.001191257,0.001188048,0.001191906,0.001195715,0.001165014,0.001167258,0.001186087,0.001189945,0.001179401,0.001164296,0.001145304,0.001139635,0.001147732,0.00114237,0.001177803,0.001194304,0.001192726
3,-,-,-,4,Weekday,0.001143088,0.001134407,0.001135435,0.001148083,0.001147694,0.001145085,0.00117278,0.001188404,0.001126147,0.001182865,0.001186885,0.001182501,0.00126306,0.00124506,0.001265926,0.001243543,0.001270683,0.001146812,0.00114253,0.001161235,0.001139943,0.001136913,0.001150028,0.001150946,0.00115132,0.001156513,0.001158289,0.001140753,0.001140423,0.001149797,0.001146199,0.001144162,0.001148943,0.001148349,0.001139592,0.001145504,0.001148701,0.001147056,0.001142485,0.001157544,0.001151399,0.001150947,0.001165926,0.00114139,0.001154564,0.001152123,0.001150155,0.001144014,0.001144716,0.001154343,0.001165538,0.001168054,0.001192744,0.001186249,0.001180925,0.00131521,0.001172148,0.001127895,0.001142104,0.001141781,0.001148224,0.001135308,0.001129009,0.00117663,0.001170499,0.001171629,0.001178785,0.001233355,0.001243007,0.001248221,0.001235778,,0.001154422,,,0.001191257,0.001188048,0.001191906,0.001195715,0.001165014,0.001167258,0.001186087,0.001189945,0.001179401,0.001164296,0.001145304,0.001139635,0.001147732,0.00114237,0.001177803,0.001194304,0.001192726
4,-,-,-,5,Weekday,0.001143088,0.001134407,0.001135435,0.001148083,0.001147694,0.001145085,0.00117278,0.001188404,0.001126147,0.001182865,0.001186885,0.001182501,0.00126306,0.00124506,0.001265926,0.001243543,0.001270683,0.001146812,0.00114253,0.001161235,0.001139943,0.001136913,0.001150028,0.001150946,0.00115132,0.001156513,0.001158289,0.001140753,0.001140423,0.001149797,0.001146199,0.001144162,0.001148943,0.001148349,0.001139592,0.001145504,0.001148701,0.001147056,0.001142485,0.001157544,0.001151399,0.001150947,0.001165926,0.00114139,0.001154564,0.001152123,0.001150155,0.001144014,0.001144716,0.001154343,0.001165538,0.001168054,0.001192744,0.001186249,0.001180925,0.00131521,0.001172148,0.001127895,0.001142104,0.001141781,0.001148224,0.001135308,0.001129009,0.00117663,0.001170499,0.001171629,0.001178785,0.001233355,0.001243007,0.001248221,0.001235778,,0.001154422,,,0.001191257,0.001188048,0.001191906,0.001195715,0.001165014,0.001167258,0.001186087,0.001189945,0.001179401,0.001164296,0.001145304,0.001139635,0.001147732,0.00114237,0.001177803,0.001194304,0.001192726
5,-,-,-,6,Weekday,0.001143088,0.001134407,0.001135435,0.001148083,0.001147694,0.001145085,0.00117278,0.001188404,0.001126147,0.001182865,0.001186885,0.001182501,0.00126306,0.00124506,0.001265926,0.001243543,0.001270683,0.001146812,0.00114253,0.001161235,0.001139943,0.001136913,0.001150028,0.001150946,0.00115132,0.001156513,0.001158289,0.001140753,0.001140423,0.001149797,0.001146199,0.001144162,0.001148943,0.001148349,0.001139592,0.001145504,0.001148701,0.001147056,0.001142485,0.001157544,0.001151399,0.001150947,0.001165926,0.00114139,0.001154564,0.001152123,0.001150155,0.001144014,0.001144716,0.001154343,0.001165538,0.001168054,0.001192744,0.001186249,0.001180925,0.00131521,0.001172148,0.001127895,0.001142104,0.001141781,0.001148224,0.001135308,0.001129009,0.00117663,0.001170499,0.001171629,0.001178785,0.001233355,0.001243007,0.001248221,0.001235778,,0.001154422,,,0.001191257,0.001188048,0.001191906,0.001195715,0.001165014,0.001167258,0.001186087,0.001189945,0.001179401,0.001164296,0.001145304,0.001139635,0.001147732,0.00114237,0.001177803,0.001194304,0.001192726
6,-,-,-,7,Weekday,0.001012621,0.001008501,0.001008837,0.001015107,0.001014637,0.001013388,0.001026709,0.001034256,0.001004537,0.001031274,0.001033518,0.001031412,0.001082181,0.001072977,0.001083642,0.001072239,0.001086108,0.001014311,0.001012321,0.001021107,0.001010959,0.001009471,0.001015704,0.001016244,0.00101632,0.001018699,0.001019484,0.001010855,0.001010501,0.001015035,0.001013574,0.001013095,0.001015269,0.001015055,0.001010791,0.001013687,0.001015189,0.00101448,0.00101229,0.001019338,0.001016575,0.001016254,0.001023172,0.001011743,0.001017943,0.001016545,0.001015827,0.001012954,0.001012985,0.001017631,0.001022949,0.001024279,0.001036358,0.001033091,0.001030423,0.001108153,0.001026303,0.001004811,0.001012241,0.001011692,0.001015141,0.001008693,0.00100533,0.001028431,0.001025413,0.001026047,0.001029609,0.001067735,0.001072699,0.001075383,0.001069016,,0.00101807,,,0.001035554,0.001033885,0.00103585,0.001037583,0.001022962,0.001024046,0.001032906,0.001034854,0.001029589,0.001022389,0.001013734,0.001010952,0.001014627,0.001011995,0.001029141,0.001036762,0.001035487
7,-,-,-,8,Weekday,0.000747263,0.000752421,0.000751348,0.000744647,0.000744013,0.000745529,0.000729615,0.000720736,0.000757195,0.000722954,0.000721584,0.000724114,0.000714293,0.000722976,0.000712894,0.000723824,0.000710703,0.000744817,0.00074749,0.000736099,0.00074862,0.000750266,0.000742502,0.000742273,0.000741745,0.000738399,0.000737169,0.000746654,0.000746252,0.000740943,0.000743828,0.00074652,0.000743389,0.000743947,0.000748824,0.000745585,0.000743638,0.000744835,0.000747487,0.000738243,0.000742356,0.000742302,0.000732825,0.000748054,0.000740071,0.000740793,0.000742618,0.000746391,0.000745059,0.000739574,0.000732939,0.000731853,0.000718284,0.000721585,0.000724315,0.000687019,0.000729669,0.000754471,0.000748112,0.000747105,0.000744463,0.000751171,0.00075378,0.000727008,0.000730323,0.000729947,0.000726199,0.000730879,0.000726309,0.000723848,0.000729839,,0.000740744,,,0.000718871,0.000720333,0.000718449,0.000715958,0.000734043,0.000732767,0.000721352,0.000719414,0.000724887,0.000733762,0.000746133,0.000749223,0.000743905,0.000746824,0.000726777,0.000716337,0.000715679
8,-,-,-,9,Weekday,0.000483055,0.000497647,0.000495696,0.000475305,0.000475451,0.000479232,0.000433946,0.000408721,0.000511208,0.000416501,0.00041095,0.000418001,0.000430448,0.000452191,0.000426976,0.000454088,0.000421287,0.000476826,0.000484174,0.000452895,0.000488247,0.000493204,0.000471355,0.000471106,0.000469157,0.000460474,0.000457512,0.00048514,0.000485333,0.000469954,0.00047663,0.000481702,0.000473386,0.000474607,0.000488933,0.000479224,0.000473722,0.000476663,0.000484397,0.000459052,0.000469733,0.000469957,0.000444969,0.00048596,0.000463873,0.000467227,0.000471121,0.000481171,0.000480097,0.000463843,0.000445034,0.000441206,0.000402067,0.000411157,0.000419722,0.000360388,0.000434503,0.000506869,0.000485494,0.000484964,0.000475038,0.000495607,0.00050497,0.000427607,0.000436972,0.000435673,0.000424131,0.000476181,0.000464868,0.00045876,0.000473395,,0.000464982,,,0.00040362,0.000408081,0.000402336,0.000395502,0.000446718,0.000443215,0.000411476,0.000405846,0.000421972,0.000447396,0.0004806,0.000489045,0.000475092,0.000483832,0.000425823,0.000397896,0.00039846
9,-,-,-,10,Weekday,0.000347815,0.000367053,0.000364904,0.000337209,0.000338162,0.000342957,0.000282317,0.000248937,0.000385263,0.000260033,0.000252003,0.000261278,0.000292871,0.00032052,0.00028847,0.000322832,0.000281147,0.000339682,0.000349289,0.00030797,0.000354606,0.000361268,0.000332467,0.00033228,0.000329541,0.000318382,0.000314673,0.000351474,0.000352249,0.000331801,0.000340031,0.000345849,0.000335087,0.000336544,0.00035566,0.000342632,0.000335373,0.000339082,0.000349379,0.000316239,0.000329963,0.000330409,0.000298135,0.000351428,0.000322469,0.000327412,0.000332052,0.000345077,0.000344421,0.000322669,0.000297812,0.000292345,0.000240338,0.000252265,0.000263909,0.000202707,0.00028386,0.000380142,0.000350594,0.000350805,0.000336742,0.00036452,0.000377659,0.000274486,0.000287289,0.000285074,0.000269595,0.000353318,0.000339005,0.000331271,0.000349699,,0.000323888,,,0.000242414,0.00024844,0.000240684,0.000231742,0.000299466,0.000294878,0.000253046,0.000245543,0.000267111,0.000300897,0.000344484,0.000355522,0.000337537,0.000349261,0.000271775,0.000235336,0.000237264
10,-,-,-,11,Weekday,0.000344685,0.000363452,0.000361245,0.000333615,0.000334391,0.000339443,0.000278087,0.000244937,0.00038198,0.000256639,0.000248495,0.00025774,0.000216684,0.000248002,0.000211695,0.000250646,0.000203423,0.000336213,0.000345569,0.000304082,0.000349891,0.000356409,0.000328121,0.000327286,0.000325283,0.00031419,0.000310448,0.000347116,0.000347772,0.000327671,0.000335738,0.000341454,0.000330947,0.000332316,0.000351081,0.000338346,0.000331305,0.00033494,0.000344941,0.000312392,0.000325843,0.000326443,0.000294441,0.000347076,0.000318636,0.000323544,0.000328071,0.000341051,0.000339246,0.000318124,0.000293788,0.000288175,0.000236348,0.000248892,0.000260302,0.000118681,0.00028107,0.000375462,0.000346124,0.000346352,0.000332684,0.000360035,0.000373035,0.000270441,0.000284284,0.000281072,0.000266156,0.000278939,0.000262513,0.000253639,0.000274814,,0.000320354,,,0.000238942,0.000245193,0.000237352,0.000228744,0.000295331,0.000290697,0.000249401,0.000241701,0.000263412,0.000296591,0.000339962,0.00035129,0.000333652,0.000345136,0.000268106,0.00023182,0.000234615
11,-,-,-,12,Weekday,0.000341555,0.000359852,0.000357585,0.000330022,0.00033062,0.000335929,0.000273857,0.000240938,0.000378696,0.000253245,0.000244987,0.000254202,0.000140496,0.000175484,0.00013492,0.000178461,0.000125699,0.000332745,0.000341848,0.000300195,0.000345175,0.000351551,0.000323775,0.000322291,0.000321024,0.000309997,0.000306223,0.000342758,0.000343296,0.00032354,0.000331444,0.000337058,0.000326808,0.000328089,0.000346502,0.000334061,0.000327236,0.000330798,0.000340504,0.000308545,0.000321724,0.000322478,0.000290747,0.000342725,0.000314803,0.000319676,0.00032409,0.000337025,0.000334072,0.00031358,0.000289764,0.000284005,0.000232357,0.000245519,0.000256695,3.47E-05,0.000278281,0.000370782,0.000341655,0.000341899,0.000328626,0.00035555,0.000368412,0.000266395,0.000281279,0.000277069,0.000262718,0.00020456,0.00018602,0.000176006,0.000199929,,0.000316821,,,0.00023547,0.000241947,0.00023402,0.000225745,0.000291195,0.000286517,0.000245756,0.000237858,0.000259713,0.000292284,0.000335441,0.000347058,0.000329767,0.00034101,0.000264436,0.000228304,0.000231966
12,-,-,-,13,Weekday,0.000350973,0.000368237,0.000366064,0.000335876,0.000336409,0.000341743,0.00026931,0.000236713,0.000391144,0.000252626,0.000243771,0.00025287,0.00010065,0.00013718,9.48E-05,0.00014029,8.52E-05,0.000339475,0.000348102,0.000301307,0.000344754,0.000350931,0.000323983,0.00032206,0.000321339,0.000310564,0.000306843,0.000342716,0.000343201,0.000324007,0.000331616,0.000338795,0.000328963,0.000329945,0.000347749,0.000335755,0.000329227,0.000332648,0.000341949,0.000311094,0.000323773,0.00032464,0.000293808,0.000344189,0.000317225,0.000322023,0.000326219,0.000338841,0.000331011,0.000311164,0.000287968,0.000280487,0.000229462,0.000242959,0.000253906,-1.31E-05,0.000284216,0.000371987,0.000343501,0.000343838,0.000331048,0.000357148,0.00036971,0.000264132,0.000285939,0.000275158,0.000263288,0.000172229,0.000153035,0.000142668,0.000167434,,0.0003234,,,0.00023377,0.000240359,0.00023243,0.000224471,0.00028922,0.000284561,0.000242732,0.000234744,0.000256567,0.000289617,0.000338583,0.000350132,0.000333555,0.000344371,0.000263704,0.000225451,0.000233045
13,-,-,-,14,Weekday,0.000373363,0.000389015,0.000387092,0.000351498,0.000352082,0.000357203,0.000264436,0.000232256,0.000419855,0.000254875,0.000244927,0.00025382,9.84E-05,0.000134249,9.27E-05,0.000137288,8.32E-05,0.00035675,0.000364669,0.000307589,0.000348772,0.000354693,0.0003289,0.000326755,0.000326383,0.000316052,0.000312473,0.000347137,0.000347636,0.000329226,0.000336404,0.000346871,0.000337627,0.000338091,0.000355021,0.000343631,0.000337483,0.000340692,0.000349476,0.000320255,0.000332201,0.000333139,0.000303853,0.000351664,0.000326114,0.000330795,0.000334665,0.000346697,0.000330134,0.000310949,0.000288474,0.000277644,0.000227698,0.000241239,0.000251964,-2.33E-05,0.000299172,0.000379275,0.000351877,0.000352387,0.000340169,0.000365034,0.000377131,0.000263711,0.000298522,0.00027541,0.000268,0.000183371,0.000165031,0.000155124,0.000178766,,0.000340435,,,0.000233903,0.000240484,0.000232642,0.000224981,0.00028948,0.000284905,0.000240349,0.000232384,0.000253993,0.000288644,0.000349647,0.000360759,0.000345278,0.000355472,0.000266009,0.000223284,0.000237981
14,-,-,-,15,Weekday,0.000395753,0.000409792,0.000408121,0.000367121,0.000367754,0.000372663,0.000259561,0.000227798,0.000448566,0.000257124,0.000246082,0.00025477,9.61E-05,0.000131319,9.05E-05,0.000134286,8.12E-05,0.000374025,0.000381236,0.00031387,0.00035279,0.000358455,0.000333818,0.000331449,0.000331426,0.000321539,0.000318104,0.000351557,0.000352071,0.000334445,0.000341192,0.000354948,0.000346291,0.000346237,0.000362293,0.000351506,0.000345739,0.000348737,0.000357003,0.000329416,0.000340629,0.000341638,0.000313898,0.00035914,0.000335004,0.000339567,0.000343112,0.000354553,0.000329257,0.000310734,0.000288981,0.0002748,0.000225934,0.00023952,0.000250021,-3.35E-05,0.000314128,0.000386564,0.000360252,0.000360936,0.000349289,0.000372921,0.000384552,0.00026329,0.000311106,0.000275662,0.000272712,0.000194513,0.000177027,0.00016758,0.000190099,,0.00035747,,,0.000234035,0.000240609,0.000232855,0.000225491,0.00028974,0.000285249,0.000237967,0.000230023,0.000251419,0.000287671,0.000360712,0.000371387,0.000357,0.000366572,0.000268313,0.000221117,0.000242917
15,-,-,-,16,Weekday,0.000400104,0.000413361,0.000411977,0.000369407,0.000370329,0.000374811,0.000255828,0.000224895,0.000454537,0.000256252,0.000244921,0.000253308,0.000146625,0.000178093,0.00014162,0.000180699,0.000133262,0.000376894,0.000383746,0.00031363,0.00035107,0.000356594,0.000332782,0.000330818,0.000330448,0.000321035,0.000317816,0.000350038,0.000350736,0.000333656,0.000340013,0.000354746,0.000346456,0.000346195,0.000361722,0.000351245,0.000345658,0.000348492,0.000356525,0.000330064,0.000340753,0.000341705,0.000315345,0.000358527,0.00033535,0.000339882,0.000343151,0.000354014,0.000326384,0.000308161,0.000286947,0.000271641,0.00022431,0.000237162,0.000247521,2.23E-05,0.000317075,0.000385625,0.000360036,0.000360973,0.000349413,0.000372303,0.000383694,0.000261441,0.000313251,0.000273757,0.00027245,0.000247353,0.000232169,0.000223962,0.00024347,,0.000360659,,,0.000232724,0.000239015,0.000231512,0.000224276,0.000287521,0.000283218,0.000235607,0.000227985,0.000248712,0.000285186,0.000361789,0.00037179,0.000358134,0.00036738,0.000267229,0.000219249,0.000243362
16,-,-,-,17,Weekday,0.000470674,0.00048117,0.00048055,0.000448867,0.00045042,0.00045348,0.000367793,0.000344306,0.000510619,0.000366999,0.000358068,0.00036438,0.000340953,0.000361562,0.000337692,0.000363149,0.000332112,0.000454558,0.000459882,0.000409397,0.000438348,0.000442742,0.000424413,0.000423491,0.000422565,0.00041569,0.000413471,0.000438281,0.000439397,0.000426092,0.000430443,0.000440007,0.000433751,0.000433549,0.00044577,0.000437415,0.000433034,0.000435064,0.000441444,0.000421274,0.000429203,0.00042997,0.000410471,0.000442893,0.000425146,0.000429111,0.000431182,0.000439223,0.000421641,0.000407194,0.000390825,0.00037967,0.000343518,0.000352729,0.000361015,0.000255997,0.00040983,0.000464565,0.00044369,0.000445276,0.000435299,0.00045358,0.000463083,0.000371568,0.000407722,0.000380587,0.000378165,0.000412909,0.000403165,0.00039789,0.000410301,,0.000442305,,,0.000349191,0.000353923,0.000348153,0.000342564,0.000390788,0.000387608,0.000352211,0.00034653,0.000362319,0.000389921,0.000444861,0.000452173,0.000441965,0.000449343,0.000374799,0.000340051,0.000357452
17,-,-,-,18,Weekday,0.00062899,0.000633791,0.00063439,0.000622373,0.000624656,0.000625492,0.000598162,0.000588515,0.000642818,0.000596484,0.000591872,0.000594378,0.000627529,0.000633227,0.00062666,0.000633426,0.000624902,0.000624953,0.000627168,0.000611396,0.000623774,0.000625891,0.000618214,0.000618324,0.000617372,0.000615134,0.000614646,0.000625678,0.00062727,0.000621336,0.000621967,0.000622477,0.000620212,0.000620013,0.000625687,0.000621643,0.000619745,0.000620256,0.000623211,0.000615215,0.000617847,0.000618436,0.00061164,0.000623764,0.000616556,0.000619309,0.000619173,0.000622063,0.000620491,0.000613797,0.00060692,0.000602993,0.000587506,0.0005909,0.000595033,0.000603165,0.000608272,0.000634883,0.000623242,0.0006258,0.000619474,0.000628617,0.000634289,0.000598993,0.000608806,0.000602145,0.000598766,0.000650429,0.000647822,0.000646395,0.000649502,,0.000619869,,,0.000588972,0.000591121,0.000588437,0.00058625,0.000605768,0.000604564,0.000591788,0.000589401,0.000596324,0.000607128,0.000623382,0.000626176,0.000622615,0.000626218,0.000598329,0.000587361,0.000593839
18,-,-,-,19,Weekday,0.000787307,0.000786412,0.000788229,0.000795879,0.000798893,0.000797505,0.00082853,0.000832724,0.000775017,0.000825969,0.000825676,0.000824376,0.000914104,0.000904892,0.000915627,0.000903702,0.000917692,0.000795348,0.000794455,0.000813395,0.000809201,0.00080904,0.000812014,0.000813157,0.000812179,0.000814579,0.00081582,0.000813074,0.000815143,0.000816579,0.000813491,0.000804947,0.000806673,0.000806477,0.000805604,0.000805871,0.000806455,0.000805448,0.000804979,0.000809157,0.00080649,0.000806902,0.000812809,0.000804636,0.000807967,0.000809507,0.000807164,0.000804902,0.000819341,0.000820399,0.000823016,0.000826315,0.000831494,0.000829072,0.00082905,0.000950334,0.000806715,0.000805202,0.000802794,0.000806325,0.000803649,0.000803655,0.000805496,0.000826417,0.000809891,0.000823703,0.000819367,0.000887949,0.000892479,0.0008949,0.000888703,,0.000797432,,,0.000828754,0.000828319,0.000828722,0.000829937,0.000820748,0.00082152,0.000831364,0.000832272,0.000830329,0.000824335,0.000801903,0.000800179,0.000803265,0.000803092,0.000821859,0.000834671,0.000830225
19,-,-,-,20,Weekday,0.000892034,0.000887548,0.000889832,0.000908161,0.000911101,0.000908537,0.000969403,0.000981667,0.000865873,0.000967325,0.000969735,0.000966236,0.00107432,0.001057304,0.001077088,0.001055446,0.001081205,0.000905887,0.000903119,0.000939873,0.000925717,0.000924117,0.000933419,0.000934984,0.000934205,0.000939155,0.000941283,0.000930186,0.000932187,0.000938112,0.000933179,0.000920678,0.00092468,0.000924478,0.000919531,0.000922538,0.000924628,0.000922818,0.000920214,0.000931511,0.000925896,0.00092613,0.00093917,0.000919361,0.000928907,0.000929392,0.000926039,0.000920864,0.000942162,0.000948014,0.000956253,0.000963278,0.000980733,0.000975067,0.000972392,0.001141751,0.000932843,0.00091311,0.000917081,0.000920612,0.000920784,0.000914884,0.000913926,0.00096616,0.000936934,0.000960263,0.000956462,0.00102282,0.001031101,0.001035549,0.001024512,,0.000912126,,,0.000975974,0.000973981,0.000976276,0.000979461,0.000953661,0.000955554,0.000977784,0.000980618,0.000973381,0.000957919,0.00091591,0.000911597,0.000918443,0.000915851,0.000960171,0.000985425,0.000975427
20,-,-,-,21,Weekday,0.000941356,0.000935453,0.000937429,0.000957146,0.000959179,0.000956523,0.001017748,0.001032115,0.000913984,0.001017564,0.001021006,0.001016969,0.001103894,0.001086422,0.001106719,0.00108464,0.00111106,0.000954539,0.000951174,0.000988269,0.000970987,0.000968814,0.000979975,0.00098133,0.000980983,0.000986325,0.000988468,0.000974632,0.000976,0.000983435,0.000978594,0.000967408,0.000971911,0.000971694,0.000965229,0.000969355,0.000971938,0.000970068,0.000966661,0.00097985,0.000973716,0.000973772,0.000988186,0.000965698,0.000976985,0.000976579,0.000973455,0.000967682,0.000986377,0.000993964,0.001003823,0.001010952,0.00103201,0.001025761,0.001021983,0.001172137,0.000984207,0.00095649,0.000963891,0.000966417,0.000968605,0.000960142,0.000957451,0.001015249,0.000987428,0.001008945,0.001007221,0.001051562,0.001060094,0.001064684,0.001053425,,0.000961819,,,0.001027495,0.001025004,0.001027955,0.001031633,0.001001725,0.001003857,0.001027887,0.001031234,0.001022398,0.001005044,0.000963216,0.000958309,0.000965929,0.000962322,0.001010375,0.001036351,0.001026353
21,-,-,-,22,Weekday,0.000990677,0.000983359,0.000985026,0.00100613,0.001007257,0.001004509,0.001066092,0.001082563,0.000962096,0.001067803,0.001072278,0.001067702,0.001133468,0.001115539,0.00113635,0.001113833,0.001140914,0.001003191,0.00099923,0.001036665,0.001016257,0.001013511,0.001026531,0.001027677,0.00102776,0.001033495,0.001035653,0.001019077,0.001019814,0.001028758,0.001024009,0.001014138,0.001019143,0.00101891,0.001010928,0.001016171,0.001019249,0.001017319,0.001013108,0.00102819,0.001021537,0.001021414,0.001037202,0.001012034,0.001025064,0.001023766,0.00102087,0.001014501,0.001030591,0.001039913,0.001051393,0.001058626,0.001083288,0.001076455,0.001071574,0.001202522,0.001035571,0.000999871,0.001010701,0.001012222,0.001016427,0.001005401,0.001000976,0.001064339,0.001037921,0.001057626,0.00105798,0.001080305,0.001089087,0.001093819,0.001082339,,0.001011512,,,0.001079016,0.001076027,0.001079635,0.001083804,0.001049789,0.00105216,0.001077991,0.00108185,0.001071416,0.001052168,0.001010522,0.001005021,0.001013416,0.001008793,0.001060579,0.001087277,0.00107728
22,-,-,-,23,Weekday,0.001039999,0.001031265,0.001032623,0.001055114,0.001055335,0.001052495,0.001114436,0.00113301,0.001010207,0.001118041,0.00112355,0.001118434,0.001163042,0.001144656,0.001165981,0.001143026,0.001170768,0.001051844,0.001047285,0.001085061,0.001061527,0.001058208,0.001073086,0.001074023,0.001074538,0.001080665,0.001082838,0.001063522,0.001063628,0.001074081,0.001069424,0.001060869,0.001066374,0.001066126,0.001056626,0.001062988,0.00106656,0.001064569,0.001059556,0.00107653,0.001069357,0.001069056,0.001086218,0.001058371,0.001073143,0.001070954,0.001068286,0.001061319,0.001074806,0.001085862,0.001098964,0.001106301,0.001134565,0.001127149,0.001121166,0.001232908,0.001086936,0.001043251,0.001057512,0.001058027,0.001064249,0.001050659,0.001044501,0.001113428,0.001088414,0.001106308,0.001108739,0.001109047,0.001118079,0.001122955,0.001111252,,0.001061205,,,0.001130538,0.00112705,0.001131315,0.001135976,0.001097853,0.001100463,0.001128095,0.001132465,0.001120433,0.001099293,0.001057828,0.001051733,0.001060903,0.001055263,0.001110783,0.001138203,0.001128206
23,-,-,-,24,Weekday,0.001104079,0.001095012,0.001096126,0.001114048,0.001113734,0.001110987,0.001155896,0.001173529,0.001080406,0.001163222,0.001168249,0.001163362,0.001220568,0.001202259,0.001223485,0.001200705,0.001228313,0.001111694,0.001107122,0.001135449,0.001112241,0.001108921,0.00112339,0.001124264,0.001124818,0.001130578,0.001132556,0.001113434,0.001113162,0.001123458,0.001119354,0.001114393,0.001119664,0.001119239,0.001109724,0.001116145,0.001119655,0.001117822,0.001112826,0.001129323,0.001122532,0.001122111,0.00113853,0.001111658,0.001126073,0.001123532,0.001121272,0.001114566,0.001120999,0.001131781,0.001144341,0.001149295,0.001176688,0.001169584,0.00116365,0.001281782,0.001142597,0.001096599,0.001111706,0.001111546,0.001118391,0.001104487,0.001097818,0.001157506,0.00114229,0.001151342,0.001156664,0.001178507,0.001187912,0.001192993,0.001180864,,0.001120444,,,0.001173992,0.001170517,0.001174746,0.001179105,0.00114365,0.001146138,0.001169825,0.00117407,0.001162375,0.001143772,0.00111359,0.001107557,0.001116387,0.001110628,0.001157053,0.001179197,0.00117341
144,-,-,-,1,Weekend,0.001143088,0.001134407,0.001135435,0.001148083,0.001147694,0.001145085,0.00117278,0.001188404,0.001126147,0.001182865,0.001186885,0.001182501,0.00126306,0.00124506,0.001265926,0.001243543,0.001270683,0.001146812,0.00114253,0.001161235,0.001139943,0.001136913,0.001150028,0.001150946,0.00115132,0.001156513,0.001158289,0.001140753,0.001140423,0.001149797,0.001146199,0.001144162,0.001148943,0.001148349,0.001139592,0.001145504,0.001148701,0.001147056,0.001142485,0.001157544,0.001151399,0.001150947,0.001165926,0.00114139,0.001154564,0.001152123,0.001150155,0.001144014,0.001144716,0.001154343,0.001165538,0.001168054,0.001192744,0.001186249,0.001180925,0.00131521,0.001172148,0.001127895,0.001142104,0.001141781,0.001148224,0.001135308,0.001129009,0.00117663,0.001170499,0.001171629,0.001178785,0.001233355,0.001243007,0.001248221,0.001235778,,0.001154422,,,0.001191257,0.001188048,0.001191906,0.001195715,0.001165014,0.001167258,0.001186087,0.001189945,0.001179401,0.001164296,0.001145304,0.001139635,0.001147732,0.00114237,0.001177803,0.001194304,0.001192726
145,-,-,-,2,Weekend,0.001143088,0.001134407,0.001135435,0.001148083,0.001147694,0.001145085,0.00117278,0.001188404,0.001126147,0.001182865,0.001186885,0.001182501,0.00126306,0.00124506,0.001265926,0.001243543,0.001270683,0.001146812,0.00114253,0.001161235,0.001139943,0.001136913,0.001150028,0.001150946,0.00115132,0.001156513,0.001158289,0.001140753,0.001140423,0.001149797,0.001146199,0.001144162,0.001148943,0.001148349,0.001139592,0.001145504,0.001148701,0.001147056,0.001142485,0.001157544,0.001151399,0.001150947,0.001165926,0.00114139,0.001154564,0.001152123,0.001150155,0.001144014,0.001144716,0.001154343,0.001165538,0.001168054,0.001192744,0.001186249,0.001180925,0.00131521,0.001172148,0.001127895,0.001142104,0.001141781,0.001148224,0.001135308,0.001129009,0.00117663,0.001170499,0.001171629,0.001178785,0.001233355,0.001243007,0.001248221,0.001235778,,0.001154422,,,0.001191257,0.001188048,0.001191906,0.001195715,0.001165014,0.001167258,0.001186087,0.001189945,0.001179401,0.001164296,0.001145304,0.001139635,0.001147732,0.00114237,0.001177803,0.001194304,0.001192726
146,-,-,-,3,Weekend,0.001143088,0.001134407,0.001135435,0.001148083,0.001147694,0.001145085,0.00117278,0.001188404,0.001126147,0.001182865,0.001186885,0.001182501,0.00126306,0.00124506,0.001265926,0.001243543,0.001270683,0.001146812,0.00114253,0.001161235,0.001139943,0.001136913,0.001150028,0.001150946,0.00115132,0.001156513,0.001158289,0.001140753,0.001140423,0.001149797,0.001146199,0.001144162,0.001148943,0.001148349,0.001139592,0.001145504,0.001148701,0.001147056,0.001142485,0.001157544,0.001151399,0.001150947,0.001165926,0.00114139,0.001154564,0.001152123,0.001150155,0.001144014,0.001144716,0.001154343,0.001165538,0.001168054,0.001192744,0.001186249,0.001180925,0.00131521,0.001172148,0.001127895,0.001142104,0.001141781,0.001148224,0.001135308,0.001129009,0.00117663,0.001170499,0.001171629,0.001178785,0.001233355,0.001243007,0.001248221,0.001235778,,0.001154422,,,0.001191257,0.001188048,0.001191906,0.001195715,0.001165014,0.001167258,0.001186087,0.001189945,0.001179401,0.001164296,0.001145304,0.001139635,0.001147732,0.00114237,0.001177803,0.001194304,0.001192726
147,-,-,-,4,Weekend,0.001143088,0.001134407,0.001135435,0.001148083,0.001147694,0.001145085,0.00117278,0.001188404,0.001126147,0.001182865,0.001186885,0.001182501,0.00126306,0.00124506,0.001265926,0.001243543,0.001270683,0.001146812,0.00114253,0.001161235,0.001139943,0.001136913,0.001150028,0.001150946,0.00115132,0.001156513,0.001158289,0.001140753,0.001140423,0.001149797,0.001146199,0.001144162,0.001148943,0.001148349,0.001139592,0.001145504,0.001148701,0.001147056,0.001142485,0.001157544,0.001151399,0.001150947,0.001165926,0.00114139,0.001154564,0.001152123,0.001150155,0.001144014,0.001144716,0.001154343,0.001165538,0.001168054,0.001192744,0.001186249,0.001180925,0.00131521,0.001172148,0.001127895,0.001142104,0.001141781,0.001148224,0.001135308,0.001129009,0.00117663,0.001170499,0.001171629,0.001178785,0.001233355,0.001243007,0.001248221,0.001235778,,0.001154422,,,0.001191257,0.001188048,0.001191906,0.001195715,0.001165014,0.001167258,0.001186087,0.001189945,0.001179401,0.001164296,0.001145304,0.001139635,0.001147732,0.00114237,0.001177803,0.001194304,0.001192726
148,-,-,-,5,Weekend,0.001143088,0.001134407,0.001135435,0.001148083,0.001147694,0.001145085,0.00117278,0.001188404,0.001126147,0.001182865,0.001186885,0.001182501,0.00126306,0.00124506,0.001265926,0.001243543,0.001270683,0.001146812,0.00114253,0.001161235,0.001139943,0.001136913,0.001150028,0.001150946,0.00115132,0.001156513,0.001158289,0.001140753,0.001140423,0.001149797,0.001146199,0.001144162,0.001148943,0.001148349,0.001139592,0.001145504,0.001148701,0.001147056,0.001142485,0.001157544,0.001151399,0.001150947,0.001165926,0.00114139,0.001154564,0.001152123,0.001150155,0.001144014,0.001144716,0.001154343,0.001165538,0.001168054,0.001192744,0.001186249,0.001180925,0.00131521,0.001172148,0.001127895,0.001142104,0.001141781,0.001148224,0.001135308,0.001129009,0.00117663,0.001170499,0.001171629,0.001178785,0.001233355,0.001243007,0.001248221,0.001235778,,0.001154422,,,0.001191257,0.001188048,0.001191906,0.001195715,0.001165014,0.001167258,0.001186087,0.001189945,0.001179401,0.001164296,0.001145304,0.001139635,0.001147732,0.00114237,0.001177803,0.001194304,0.001192726
149,-,-,-,6,Weekend,0.001143088,0.001134407,0.001135435,0.001148083,0.001147694,0.001145085,0.00117278,0.001188404,0.001126147,0.001182865,0.001186885,0.001182501,0.00126306,0.00124506,0.001265926,0.001243543,0.001270683,0.001146812,0.00114253,0.001161235,0.001139943,0.001136913,0.001150028,0.001150946,0.00115132,0.001156513,0.001158289,0.001140753,0.001140423,0.001149797,0.001146199,0.001144162,0.001148943,0.001148349,0.001139592,0.001145504,0.001148701,0.001147056,0.001142485,0.001157544,0.001151399,0.001150947,0.001165926,0.00114139,0.001154564,0.001152123,0.001150155,0.001144014,0.001144716,0.001154343,0.001165538,0.001168054,0.001192744,0.001186249,0.001180925,0.00131521,0.001172148,0.001127895,0.001142104,0.001141781,0.001148224,0.001135308,0.001129009,0.00117663,0.001170499,0.001171629,0.001178785,0.001233355,0.001243007,0.001248221,0.001235778,,0.001154422,,,0.001191257,0.001188048,0.001191906,0.001195715,0.001165014,0.001167258,0.001186087,0.001189945,0.001179401,0.001164296,0.001145304,0.001139635,0.001147732,0.00114237,0.001177803,0.001194304,0.001192726
150,-,-,-,7,Weekend,0.001109627,0.001101661,0.001102322,0.001114915,0.00111407,0.0011119,0.001139533,0.001153958,0.001093244,0.001147981,0.001152122,0.001148127,0.001187255,0.001172736,0.001189558,0.001171579,0.001193455,0.001113376,0.001109475,0.001127611,0.001108008,0.001105136,0.001117223,0.00111777,0.00111844,0.001123019,0.001124512,0.001108311,0.001107676,0.001116409,0.001113409,0.001111661,0.001115966,0.001115525,0.001107333,0.001112923,0.001115896,0.001114477,0.001110176,0.001123875,0.001118416,0.001117968,0.001131269,0.001109216,0.001121247,0.001118722,0.001117182,0.001111722,0.001112387,0.001121551,0.00113196,0.001134774,0.001157576,0.001151879,0.001146744,0.001231731,0.001137078,0.001096118,0.00110986,0.00110905,0.001115579,0.001103349,0.001097134,0.001142399,0.001135627,0.00113779,0.001144259,0.001159295,0.001166947,0.001171085,0.001161282,,0.001120447,,,0.001156201,0.001153265,0.001156859,0.001160403,0.001131775,0.001133789,0.001151498,0.001155002,0.001145246,0.00113088,0.001112318,0.001107326,0.001114536,0.001109487,0.001143539,0.001158945,0.001156462
151,-,-,-,8,Weekend,0.00104157,0.001035058,0.001034974,0.001047455,0.001045682,0.001044404,0.001071913,0.001083899,0.001026322,0.00107703,0.001081419,0.001078214,0.001033076,0.001025634,0.001034233,0.00102521,0.001036382,0.00104537,0.001042244,0.001059222,0.001043057,0.001040503,0.0010505,0.001050291,0.001051566,0.001054897,0.001055814,0.001042325,0.001041072,0.0010485,0.001046719,0.001045556,0.001048894,0.001048764,0.00104172,0.001046656,0.001049174,0.001048214,0.001044464,0.001055397,0.001051332,0.001050893,0.001060779,0.001043778,0.001053485,0.001050789,0.001050119,0.001046043,0.001046635,0.001054856,0.001063665,0.001067084,0.001086048,0.001081974,0.001077222,0.001061942,0.001065748,0.001031487,0.001044277,0.001042479,0.001049183,0.001038347,0.001032305,0.001072774,0.001064701,0.001068966,0.001074035,0.001008665,0.001012249,0.001014198,0.001009763,,0.001051344,,,0.0010849,0.001082519,0.001085578,0.001088584,0.00106417,0.001065716,0.001081147,0.001083931,0.001075779,0.001062916,0.001045226,0.001041612,0.001047019,0.001042605,0.001073851,0.001087027,0.001082705
152,-,-,-,9,Weekend,0.000974223,0.000969269,0.000968774,0.000980678,0.000978577,0.000977899,0.001005194,0.001014752,0.00096024,0.001007247,0.001011498,0.001009025,0.000926977,0.00092386,0.000927439,0.000923854,0.000928493,0.0009783,0.000975957,0.000991963,0.000979365,0.000977244,0.000985082,0.000984547,0.000985955,0.000988273,0.000988788,0.000978092,0.000976629,0.000982593,0.000981672,0.000980556,0.000983003,0.000983112,0.000977425,0.000981489,0.000983487,0.000982883,0.000979833,0.000988108,0.000985242,0.000984831,0.000991836,0.000979356,0.000986777,0.000984249,0.00098414,0.000981232,0.000982771,0.00098965,0.000996715,0.00100053,0.001015626,0.001012746,0.00100866,0.000946235,0.000995318,0.000968635,0.000979637,0.000977459,0.000983569,0.000974604,0.000969259,0.001004406,0.000994856,0.001001286,0.001004628,0.000905045,0.000906152,0.000906767,0.000905575,,0.000983186,,,0.001014465,0.001012583,0.001015076,0.001017479,0.000997572,0.000998723,0.001011845,0.001014003,0.001007452,0.000996388,0.000979401,0.000976878,0.000980706,0.000977107,0.001005027,0.001016337,0.001010591
153,-,-,-,10,Weekend,0.000911617,0.000908145,0.000907574,0.00091757,0.000915709,0.000915375,0.000939151,0.000946203,0.00090008,0.000939365,0.000942903,0.000941121,0.000858856,0.000857903,0.000858976,0.000858056,0.000859437,0.0009154,0.000913769,0.000927322,0.000918249,0.000916656,0.000922337,0.00092178,0.000922987,0.000924529,0.000924807,0.000916991,0.000915702,0.000920093,0.000919652,0.000918536,0.000920224,0.000920426,0.000916234,0.000919266,0.000920722,0.000920357,0.000918099,0.000923942,0.000922023,0.000921692,0.000926403,0.000917782,0.000923058,0.000921029,0.000921152,0.000919185,0.000921303,0.000926508,0.00093172,0.000935222,0.000946318,0.000944358,0.000941214,0.000871778,0.000928485,0.000909454,0.00091788,0.000915934,0.000920761,0.000914054,0.000909895,0.000937654,0.000928448,0.000935269,0.000937173,0.000840763,0.000840717,0.000840708,0.000840981,,0.000919082,,,0.000945245,0.000943866,0.000945727,0.000947496,0.000932564,0.000933375,0.000943621,0.000945185,0.000940333,0.000931681,0.000917105,0.000915428,0.00091799,0.000915326,0.000937849,0.000946849,0.000941175
154,-,-,-,11,Weekend,0.000853155,0.000850974,0.000850321,0.000857527,0.000855851,0.000855909,0.000872847,0.000877298,0.000845145,0.000872199,0.00087484,0.000873771,0.000778606,0.000780527,0.00077827,0.000780905,0.000777956,0.000855809,0.000854811,0.000864179,0.000858451,0.00085736,0.00086096,0.000860236,0.000861402,0.000862161,0.000862184,0.000857254,0.000856101,0.000858973,0.000859002,0.000858419,0.000859396,0.000859622,0.000856845,0.000858913,0.000859872,0.000859735,0.000858205,0.000861731,0.000860712,0.000860491,0.000862945,0.000858066,0.000861302,0.000859753,0.000860095,0.000859066,0.000860295,0.000863907,0.000867309,0.000869987,0.000876977,0.000876117,0.000873897,0.000782157,0.000864412,0.000852162,0.000858097,0.000856365,0.00086002,0.000855458,0.000852433,0.00087123,0.000864439,0.000869747,0.00087086,0.000766901,0.00076537,0.000764557,0.000766729,,0.000858158,,,0.000876357,0.000875544,0.000876735,0.00087791,0.000868127,0.000868572,0.000875392,0.000876293,0.000873244,0.000867322,0.000857103,0.000856327,0.000857707,0.000855909,0.00087145,0.000877292,0.000872791
155,-,-,-,12,Weekend,0.000794694,0.000793804,0.000793067,0.000797483,0.000795992,0.000796444,0.000806542,0.000808392,0.00079021,0.000805034,0.000806776,0.000806421,0.000698355,0.00070315,0.000697564,0.000703753,0.000696475,0.000796219,0.000795853,0.000801037,0.000798654,0.000798063,0.000799583,0.000798692,0.000799818,0.000799794,0.000799562,0.000797517,0.0007965,0.000797852,0.000798352,0.000798301,0.000798569,0.000798818,0.000797456,0.000798559,0.000799022,0.000799112,0.00079831,0.00079952,0.000799401,0.000799289,0.000799487,0.000798351,0.000799546,0.000798476,0.000799038,0.000798947,0.000799286,0.000801307,0.000802898,0.000804751,0.000807636,0.000807876,0.000806579,0.000692537,0.000800339,0.00079487,0.000798315,0.000796796,0.00079928,0.000796862,0.000794971,0.000804807,0.00080043,0.000804225,0.000804548,0.000693038,0.000690022,0.000688406,0.000692476,,0.000797234,,,0.000807469,0.000807222,0.000807742,0.000808323,0.000803689,0.000803769,0.000807163,0.000807401,0.000806155,0.000802963,0.000797102,0.000797227,0.000797424,0.000796493,0.000805051,0.000807735,0.000804407
156,-,-,-,13,Weekend,0.000787022,0.00078632,0.000785604,0.000789328,0.000787931,0.000788476,0.00079681,0.000798149,0.000783327,0.000795373,0.000796833,0.000796615,0.000677759,0.000683521,0.000676816,0.000684195,0.000675461,0.000788236,0.000787951,0.000792161,0.000790336,0.000789839,0.000791012,0.000790013,0.000791215,0.000791073,0.000790807,0.000789363,0.000788412,0.000789489,0.00079,0.000789982,0.000790164,0.000790386,0.000789283,0.000790209,0.000790602,0.00079071,0.000790023,0.000790881,0.000790865,0.000790813,0.000790669,0.00079011,0.000790986,0.000790063,0.0007906,0.000790667,0.000790676,0.000792427,0.000793718,0.000795311,0.000797346,0.000797888,0.000796784,0.000669141,0.000791508,0.000787199,0.000790029,0.000788653,0.000790853,0.000788875,0.000787276,0.000795167,0.000791582,0.000794777,0.000795024,0.000674121,0.000670588,0.000668693,0.000673418,,0.000788949,,,0.000797361,0.000797274,0.000797628,0.000798142,0.000794427,0.00079443,0.000797174,0.000797242,0.000796413,0.00079374,0.000788824,0.000789158,0.000789211,0.000788441,0.000795453,0.000797513,0.000794724
157,-,-,-,14,Weekend,0.000831862,0.000830206,0.00082962,0.000834821,0.000833423,0.000833751,0.000845568,0.000848559,0.000826126,0.000845165,0.000846979,0.000846304,0.000718842,0.000723597,0.00071806,0.000724181,0.000716966,0.00083361,0.000832837,0.000839393,0.000835242,0.000834419,0.000837038,0.000835992,0.000837389,0.000837818,0.000837744,0.000834539,0.000833583,0.00083567,0.000835718,0.000835215,0.000835959,0.000836101,0.000834061,0.000835626,0.00083639,0.000836298,0.000835093,0.00083763,0.000836895,0.00083685,0.000838343,0.000835089,0.000837426,0.000836305,0.000836566,0.000835983,0.00083624,0.000839089,0.00084164,0.000843556,0.000848111,0.000848129,0.000846461,0.000714214,0.000839793,0.000830831,0.000834987,0.000833679,0.000836514,0.000833212,0.000831035,0.000844238,0.000839764,0.000843303,0.000844214,0.00071201,0.000708964,0.000707331,0.000711426,,0.000835088,,,0.000848025,0.00084768,0.000848388,0.000849379,0.000842211,0.000842436,0.000847398,0.000847806,0.000845963,0.000841522,0.000834022,0.00083385,0.000834835,0.000833495,0.000844581,0.000848638,0.000845734
158,-,-,-,15,Weekend,0.000876702,0.000874092,0.000873636,0.000880314,0.000878915,0.000879026,0.000894326,0.000898968,0.000868924,0.000894957,0.000897125,0.000895993,0.000759925,0.000763674,0.000759303,0.000764167,0.000758471,0.000878984,0.000877723,0.000886625,0.000880148,0.000878999,0.000883064,0.000881971,0.000883564,0.000884563,0.000884682,0.000879716,0.000878755,0.000881851,0.000881436,0.000880449,0.000881754,0.000881816,0.00087884,0.000881043,0.000882178,0.000881885,0.000880163,0.000884378,0.000882925,0.000882888,0.000886018,0.000880069,0.000883866,0.000882548,0.000882532,0.000881299,0.000881803,0.000885751,0.000889563,0.000891801,0.000898875,0.00089837,0.000896138,0.000759287,0.000888077,0.000874463,0.000879945,0.000878705,0.000882174,0.00087755,0.000874794,0.000893308,0.000887946,0.00089183,0.000893404,0.0007499,0.00074734,0.000745969,0.000749434,,0.000881227,,,0.000898689,0.000898086,0.000899148,0.000900617,0.000889996,0.000890442,0.000897622,0.000898369,0.000895513,0.000889304,0.00087922,0.000878542,0.000880458,0.000878549,0.000893709,0.000899763,0.000896744
159,-,-,-,16,Weekend,0.00092054,0.000917023,0.000916698,0.000925066,0.00092368,0.000923561,0.000943147,0.000949464,0.000910458,0.000944576,0.000947143,0.000945548,0.00080394,0.000806511,0.000803507,0.000806898,0.000802981,0.000923558,0.000921827,0.000933494,0.000924735,0.000923266,0.000928759,0.000927655,0.000929403,0.000930976,0.000931291,0.000924563,0.000923605,0.000927699,0.000926822,0.000925223,0.000927076,0.000927077,0.000923183,0.000926007,0.000927503,0.000927012,0.000924788,0.000930654,0.000928494,0.000928457,0.000933215,0.000924599,0.000929831,0.000928321,0.000928031,0.000926148,0.000927256,0.000932282,0.000937344,0.000940029,0.000949647,0.000948575,0.000945784,0.000808026,0.000935695,0.000917638,0.000924426,0.000923258,0.000927335,0.000921415,0.000918093,0.000942299,0.000935548,0.000940236,0.000942317,0.000790106,0.000788113,0.000787047,0.000789777,,0.000926596,,,0.000949272,0.000948397,0.000949822,0.000951758,0.000937642,0.000938316,0.000947848,0.000948951,0.000945055,0.000937001,0.000923863,0.000922666,0.000925493,0.000923031,0.000942649,0.000950905,0.000947504
160,-,-,-,17,Weekend,0.000970483,0.000965796,0.000965391,0.000976685,0.000974846,0.000974394,0.001000809,0.001009613,0.000956985,0.001002699,0.001006409,0.00100415,0.000878601,0.000878348,0.000878611,0.000878551,0.000878878,0.000974555,0.000972286,0.000987913,0.00097607,0.000974094,0.000981496,0.00098058,0.000982336,0.00098453,0.000985014,0.000975412,0.000974136,0.000979695,0.000978618,0.000976893,0.000979309,0.000979357,0.000974072,0.000977865,0.000979806,0.000979176,0.000976259,0.000984142,0.000981303,0.000981082,0.000987686,0.000975893,0.000982934,0.000980766,0.000980478,0.000977797,0.00097955,0.000986132,0.000992868,0.0009965,0.001010154,0.001007979,0.001004203,0.000891714,0.000990844,0.000966222,0.000975892,0.00097416,0.000979684,0.00097152,0.000966823,0.000999868,0.000990583,0.000996966,0.000999851,0.000858485,0.000857953,0.000857681,0.000858574,,0.000978935,,,0.00100928,0.00100778,0.001009924,0.001012354,0.000993429,0.000994444,0.00100713,0.001008921,0.001003173,0.000992517,0.000975424,0.000973368,0.000977113,0.000973779,0.001000302,0.001011353,0.001006295
161,-,-,-,18,Weekend,0.001027808,0.001021631,0.001020926,0.001036195,0.001033408,0.001032528,0.001067545,0.001079649,0.001010024,0.001069802,0.001075376,0.001072248,0.000981811,0.000977216,0.000982496,0.000977171,0.000984017,0.001033048,0.001030149,0.001050525,0.001034723,0.001032038,0.001041866,0.001041308,0.001042959,0.001045825,0.001046445,0.00103282,0.00103088,0.001038406,0.001037397,0.001036186,0.00103919,0.00103938,0.001032196,0.001037334,0.00103982,0.001039107,0.001035283,0.00104559,0.001042092,0.001041503,0.001050188,0.00103466,0.001043924,0.001040613,0.001040606,0.001036974,0.001039036,0.001047689,0.001056548,0.001061515,0.001080719,0.001076931,0.001071725,0.001007615,0.001054495,0.001020887,0.001035091,0.00103213,0.001039999,0.001028581,0.00102166,0.00106639,0.001053923,0.001062429,0.001066593,0.000953514,0.000955284,0.000956263,0.000954293,,0.001039303,,,0.001079117,0.001076646,0.001079869,0.001082825,0.001057781,0.001059246,0.001075775,0.001078577,0.001070164,0.001056205,0.001034729,0.00103148,0.001036171,0.001031616,0.001067164,0.001081406,0.001073657
162,-,-,-,19,Weekend,0.001085134,0.001077467,0.001076461,0.001095705,0.001091971,0.001090661,0.001134281,0.001149685,0.001063063,0.001136905,0.001144342,0.001140346,0.001085021,0.001076083,0.001086381,0.001075791,0.001089155,0.001091541,0.001088013,0.001113137,0.001093376,0.001089982,0.001102236,0.001102036,0.001103582,0.001107119,0.001107875,0.001090228,0.001087625,0.001097117,0.001096175,0.001095479,0.001099071,0.001099404,0.00109032,0.001096803,0.001099834,0.001099038,0.001094308,0.001107039,0.00110288,0.001101924,0.00111269,0.001093428,0.001104914,0.00110046,0.001100735,0.001096151,0.001098522,0.001109247,0.001120228,0.001126529,0.001151284,0.001145883,0.001139246,0.001123517,0.001118146,0.001075551,0.00109429,0.0010901,0.001100314,0.001085643,0.001076497,0.001132911,0.001117262,0.001127892,0.001133335,0.001048544,0.001052615,0.001054845,0.001050013,,0.001099671,,,0.001148954,0.001145511,0.001149813,0.001153297,0.001122132,0.001124049,0.001144419,0.001148234,0.001137156,0.001119892,0.001094035,0.001089591,0.001095228,0.001089454,0.001134026,0.001151458,0.001141018
163,-,-,-,20,Weekend,0.001117729,0.001109275,0.001108356,0.001128583,0.001124792,0.001123194,0.001168693,0.001185535,0.001094369,0.001172356,0.001180195,0.001175789,0.001140998,0.001129709,0.001142732,0.001129221,0.001146131,0.001124314,0.001120412,0.001146856,0.001125172,0.001121503,0.001134929,0.001134922,0.001136385,0.001140391,0.00114131,0.001121975,0.001119326,0.00112967,0.001128449,0.001127797,0.001131795,0.001132078,0.001122192,0.001129211,0.001132515,0.001131583,0.001126455,0.001140524,0.001135841,0.001134804,0.00114693,0.001125454,0.001138116,0.001133397,0.001133533,0.001128377,0.001130592,0.001142142,0.0011541,0.001160546,0.001187643,0.001181522,0.0011744,0.001185373,0.001153043,0.001106291,0.001126463,0.001122179,0.001133014,0.001117119,0.001107334,0.001167805,0.001151929,0.001162345,0.001168564,0.001101988,0.001107367,0.001110304,0.001103787,,0.001133168,,,0.001185155,0.001181358,0.001186054,0.001189835,0.00115601,0.001158146,0.00118004,0.00118426,0.001172139,0.001153641,0.001126611,0.00112157,0.00112791,0.001121641,0.001169105,0.001187814,0.001177284
164,-,-,-,21,Weekend,0.001124756,0.00111624,0.001115807,0.001133926,0.001131,0.001129258,0.001169687,0.001186039,0.001103207,0.001175084,0.001181813,0.001177471,0.001148141,0.001136558,0.001149939,0.001135928,0.00115331,0.001130497,0.001126483,0.001150703,0.001129201,0.001125706,0.001139006,0.001139021,0.001140426,0.001144691,0.001145802,0.00112719,0.001125132,0.001135178,0.00113332,0.001132224,0.001136439,0.001136474,0.00112692,0.001133641,0.001136935,0.001135813,0.001130813,0.001145097,0.001140031,0.001139209,0.001151949,0.001129833,0.001142588,0.001138512,0.001138076,0.00113274,0.001134315,0.001145405,0.001157154,0.001162515,0.001188638,0.00118272,0.001176087,0.001191351,0.00115821,0.001112294,0.001130694,0.001127489,0.001137163,0.001122144,0.001113356,0.00117,0.001156949,0.001164739,0.00117121,0.001112437,0.001118098,0.001121178,0.001114194,,0.001138886,,,0.001186581,0.001183068,0.001187449,0.001191288,0.00115838,0.001160495,0.001181518,0.001185516,0.001174029,0.001156434,0.001131551,0.00112653,0.001133323,0.001127308,0.001171322,0.00118933,0.001181401
165,-,-,-,22,Weekend,0.001131783,0.001123205,0.001123259,0.001139269,0.001137208,0.001135322,0.00117068,0.001186543,0.001112044,0.001177811,0.00118343,0.001179152,0.001155285,0.001143407,0.001157145,0.001142635,0.001160489,0.00113668,0.001132555,0.001154549,0.00113323,0.001129909,0.001143084,0.001143119,0.001144467,0.00114899,0.001150293,0.001132404,0.001130939,0.001140687,0.001138191,0.001136652,0.001141084,0.001140871,0.001131648,0.001138071,0.001141355,0.001140044,0.001135171,0.00114967,0.00114422,0.001143615,0.001156968,0.001134212,0.00114706,0.001143626,0.001142618,0.001137102,0.001138039,0.001148667,0.001160208,0.001164485,0.001189633,0.001183917,0.001177775,0.00119733,0.001163378,0.001118298,0.001134925,0.001132798,0.001141313,0.001127169,0.001119379,0.001172195,0.00116197,0.001167132,0.001173857,0.001122887,0.001128828,0.001132053,0.001124601,,0.001144603,,,0.001188008,0.001184777,0.001188844,0.001192742,0.00116075,0.001162844,0.001182996,0.001186772,0.001175919,0.001159228,0.001136491,0.00113149,0.001138735,0.001132976,0.001173539,0.001190846,0.001185518
166,-,-,-,23,Weekend,0.00113881,0.00113017,0.001130711,0.001144611,0.001143416,0.001141386,0.001171674,0.001187047,0.001120881,0.001180538,0.001185048,0.001180834,0.001162428,0.001150256,0.001164351,0.001149342,0.001167668,0.001142863,0.001138627,0.001158396,0.001137259,0.001134112,0.001147161,0.001147218,0.001148508,0.00115329,0.001154785,0.001137619,0.001136746,0.001146195,0.001143062,0.00114108,0.001145729,0.001145267,0.001136377,0.0011425,0.001145774,0.001144274,0.001139529,0.001154242,0.00114841,0.00114802,0.001161987,0.001138591,0.001151532,0.001148741,0.00114716,0.001141464,0.001141763,0.001151929,0.001163262,0.001166454,0.001190628,0.001185115,0.001179462,0.001203308,0.001168546,0.001124301,0.001139157,0.001138108,0.001145462,0.001132193,0.001125401,0.001174389,0.001166991,0.001169526,0.001176503,0.001133336,0.001139558,0.001142927,0.001135009,,0.00115032,,,0.001189434,0.001186486,0.001190239,0.001194196,0.00116312,0.001165194,0.001184474,0.001188027,0.00117781,0.001162022,0.001141431,0.00113645,0.001144147,0.001138643,0.001175757,0.001192363,0.001189635
167,-,-,-,24,Weekend,0.001142735,0.001134059,0.001134967,0.001147705,0.001147133,0.001144777,0.001172479,0.001187854,0.001125761,0.001182395,0.001186378,0.001182095,0.001214559,0.001199399,0.00121697,0.001198148,0.001221,0.001146409,0.001142122,0.001160793,0.001139625,0.001136581,0.001149631,0.001150124,0.001150941,0.001155994,0.001157678,0.001140512,0.00114006,0.001149396,0.001145869,0.001143746,0.001148517,0.001147926,0.001139186,0.001145128,0.001148361,0.001146741,0.001142115,0.001157055,0.001150969,0.001150603,0.001165232,0.001141104,0.001154184,0.001151732,0.001149812,0.001143848,0.001144186,0.001153965,0.001165176,0.001167755,0.001191939,0.001185986,0.001180623,0.001260779,0.00117166,0.001127624,0.001141706,0.001141294,0.001147898,0.001135028,0.001128736,0.001176068,0.001170021,0.001171186,0.001178317,0.001186002,0.00119401,0.001198338,0.001188039,,0.001153824,,,0.001190708,0.001187702,0.001191427,0.001195325,0.001164669,0.001166823,0.001185656,0.001189306,0.001179086,0.001163869,0.001144623,0.001139303,0.001147315,0.001141947,0.001177343,0.001193719,0.001192227
